Colony,Treatment,Time,Ant,Behavior,Location/Origin,Source/Destination,Notes
208,3,1:31:36,****,E,mediocre,,
208,3,1:34:44,****,L,mediocre,,
208,3,2:25:37,****,E,good,,
208,3,6:40:02,****,L,good,,
208,3,6:55:44,****,E,good,,
208,3,0:45:52,**P*,E,mediocre,,
208,3,0:48:26,**P*,L,mediocre,,
208,3,0:50:56,**P*,E,good,,
208,3,0:55:20,**P*,L,good,,
208,3,1:42:25,**P*,E,good,,
208,3,2:34:27,**P*,L,good,,
208,3,2:37:10,**P*,E,good,,
208,3,2:46:05,**P*,L,good,,
208,3,2:48:46,**P*,E,good,,
208,3,2:49:47,**P*,FB,good,old,
208,3,2:49:47,**P*,L,good,,
208,3,2:55:47,**P*,TB,good,old?,
208,3,2:58:14,**P*,L,good,,
208,3,3:03:24,**P*,TB,good,old?,
208,3,3:04:40,**P*,L,good,,
208,3,3:12:39,**P*,TA,good,old?,
208,3,3:14:23,**P*,FB,good,old,Tandum follow out
208,3,3:14:25,**P*,L,good,,
208,3,3:16:34,**P*,FB,old,good,
208,3,3:39:51,**P*,E,good,,
208,3,3:55:55,**P*,L,good,,
208,3,4:02:10,**P*,E,mediocre,,
208,3,4:02:54,**P*,TAO,mediocre,good,
208,3,4:06:14,**P*,TA,good,mediocre,
208,3,4:11:34,**P*,L,good,,
208,3,4:15:48,**P*,TU,good,,
208,3,4:27:22,**P*,FB,good,mediocre,
208,3,4:27:22,**P*,L,good,,
208,3,4:48:50,**P*,E,mediocre,,
208,3,4:49:09,**P*,L,mediocre,,
208,3,4:49:19,**P*,E,mediocre,,
208,3,4:50:34,**P*,L,mediocre,,
208,3,4:51:04,**P*,E,mediocre,,
208,3,4:51:30,**P*,L,mediocre,,
208,3,4:52:00,**P*,E,mediocre,,
208,3,4:52:22,**P*,L,mediocre,,
208,3,4:58:30,**P*,E,mediocre,,
208,3,4:58:33,**P*,L,mediocre,,
208,3,4:58:36,**P*,E,mediocre,,
208,3,4:59:28,**P*,L,mediocre,,
208,3,4:59:30,**P*,E,mediocre,,
208,3,4:59:32,**P*,L,mediocre,,
208,3,4:59:33,**P*,E,mediocre,,
208,3,4:59:47,**P*,L,mediocre,,
208,3,4:59:49,**P*,E,mediocre,,
208,3,4:59:58,**P*,L,mediocre,,
208,3,5:00:12,**P*,E,mediocre,,
208,3,5:02:53,**P*,L,mediocre,,
208,3,5:02:57,**P*,E,mediocre,,
208,3,5:03:47,**P*,L,mediocre,,
208,3,5:03:56,**P*,E,mediocre,,
208,3,5:06:34,**P*,L,mediocre,,
208,3,5:15:24,**P*,E,mediocre,,
208,3,5:15:26,**P*,L,mediocre,,
208,3,5:18:59,**P*,E,mediocre,,
208,3,5:19:34,**P*,L,mediocre,,
208,3,5:25:15,**P*,E,good,,
208,3,5:47:32,**P*,L,good,,
208,3,5:56:40,**P*,E,good,,
208,3,6:10:37,**P*,L,good,,
208,3,6:16:58,**P*,TU,good,,
208,3,6:21:19,**P*,L,good,,
208,3,6:29:24,**P*,E,good,,
208,3,6:34:34,**P*,L,good,,
208,3,6:40:30,**P*,TU,good,,
208,3,7:02:36,**P*,L,good,,
208,3,7:11:57,**P*,TU,good,,
208,3,7:20:00,**P*,L,good,,
208,3,7:33:38,**P*,E,good,,
208,3,7:45:24,**P*,L,good,,
208,3,8:03:17,**P*,E,good,,
208,3,8:14:28,**P*,L,good,,
208,3,8:21:20,**P*,E,mediocre,,
208,3,8:23:06,**P*,L,mediocre,,
208,3,8:29:11,**P*,E,good,,
208,3,9:03:16,**P*,L,good,,
208,3,9:12:57,**P*,E,good,,
208,3,10:30:05,**P*,L,good,,
208,3,11:06:32,**P*,TU,good,,
208,3,11:13:27,**P*,L,good,,
208,3,11:18:56,**P*,E,good,,
208,3,11:28:04,**P*,L,good,,
208,3,11:40:16,**P*,E,mediocre,,
208,3,11:42:33,**P*,L,mediocre,,
208,3,11:44:24,**P*,E,good,,
208,3,12:42:00,**P*,L,good,,
208,3,2:13:48,*B**,BC,mediocre,old?,
208,3,4:52:53,*B**,BCO,mediocre,good,
208,3,4:57:17,*B**,BC,good,mediocre,
208,3,2:29:50,*G*P,BC,good,old?,
208,3,1:10:57,*GGY,E,mediocre,,
208,3,1:13:35,*GGY,L,mediocre,,
208,3,1:53:16,*GGY,E,good,,
208,3,3:07:36,*GGY,L,good,,
208,3,3:18:09,*GGY,E,good,,
208,3,3:23:56,*GGY,L,good,,
208,3,3:30:44,*GGY,E,good,,
208,3,3:39:04,*GGY,L,good,,
208,3,4:26:14,*GGY,E,good,,
208,3,4:43:41,*GGY,FB,good,mediocre,
208,3,4:43:41,*GGY,L,good,,
208,3,4:48:50,*GGY,FB,good,mediocre,
208,3,4:49:21,*GGY,E,mediocre,,
208,3,4:49:36,*GGY,L,mediocre,,
208,3,4:49:38,*GGY,E,mediocre,,
208,3,4:49:56,*GGY,L,mediocre,,
208,3,4:49:58,*GGY,E,mediocre,,
208,3,4:50:00,*GGY,L,mediocre,,
208,3,4:50:04,*GGY,E,mediocre,,
208,3,4:50:19,*GGY,L,mediocre,,
208,3,4:50:20,*GGY,E,mediocre,,
208,3,4:51:35,*GGY,L,mediocre,,
208,3,4:51:37,*GGY,E,mediocre,,
208,3,4:52:06,*GGY,L,mediocre,,
208,3,4:52:12,*GGY,E,mediocre,,
208,3,4:56:09,*GGY,TBO,mediocre,good,
208,3,4:59:29,*GGY,TB,good,mediocre,
208,3,5:03:40,*GGY,L,good,,
208,3,5:07:02,*GGY,E,mediocre,,
208,3,5:10:04,*GGY,L,mediocre,,
208,3,5:10:18,*GGY,E,mediocre,,
208,3,5:12:07,*GGY,L,mediocre,,
208,3,5:23:00,*GGY,BC,good,old?,
208,3,6:22:30,*GGY,L,good,,
208,3,6:27:18,*GGY,E,mediocre,,
208,3,6:27:47,*GGY,L,mediocre,,
208,3,6:33:36,*GGY,E,good,,
208,3,7:31:40,*GGY,L,good,,
208,3,7:38:26,*GGY,E,good,,
208,3,8:18:35,*GGY,L,good,,
208,3,8:24:48,*GGY,E,mediocre,,
208,3,8:26:32,*GGY,L,mediocre,,
208,3,8:38:09,*GGY,E,good,,
208,3,8:44:58,*GGY,L,good,,
208,3,8:59:39,*GGY,TU,good,,
208,3,9:45:00,*GGY,L,good,,
208,3,9:56:47,*GGY,E,good,,
208,3,10:39:14,*GGY,L,good,,
208,3,10:56:22,*GGY,E,good,,
208,3,11:21:33,*GGY,L,good,,
208,3,11:41:27,*GGY,TU,good,,
208,3,11:45:25,*GGY,L,good,,
208,3,12:13:27,*GGY,E,good,,
208,3,12:44:26,*GGY,L,good,,
208,3,3:02:42,*LYGL,BC,good,old?,
208,3,3:15:06,*WOW,E,mediocre,,
208,3,3:32:59,*WOW,L,mediocre,,
208,3,3:54:33,*WOW,BC,mediocre,old?,
208,3,4:03:37,*WOW,L,mediocre,,
208,3,4:05:55,*WOW,E,mediocre,,
208,3,4:16:51,*WOW,L,mediocre,,
208,3,4:55:30,*WOW,E,mediocre,,
208,3,4:55:52,*WOW,L,mediocre,,stopped check here
208,3,5:03:15,*WOW,BC,good,old?,
208,3,5:36:37,*WOW,L,good,,
208,3,5:51:53,*WOW,E,mediocre,,
208,3,5:52:18,*WOW,L,mediocre,,
208,3,5:52:35,*WOW,E,mediocre,,
208,3,5:53:43,*WOW,L,mediocre,,
208,3,6:15:48,*WOW,E,mediocre,,
208,3,6:18:13,*WOW,L,mediocre,,
208,3,6:24:57,*WOW,E,mediocre,,
208,3,6:26:01,*WOW,L,mediocre,,
208,3,7:04:40,*WOW,E,good,,
208,3,7:16:12,*WOW,L,good,,
208,3,11:28:05,*WOW,E,good,,
208,3,11:39:36,*WOW,L,good,,
208,3,12:25:08,*WOW,E,mediocre,,
208,3,12:28:34,*WOW,L,mediocre,,
208,3,2:56:45,*WYW,BC,mediocre,old?,
208,3,4:25:54,*WYW,BCO,mediocre,good,
208,3,4:27:18,*WYW,BC,good,mediocre,
208,3,9:00:03,*WYW,BCO,good,good,
208,3,9:06:23,*WYW,BC,good,good,
208,3,2:38:56,*YWL,BC,good,old?,
208,3,3:36:14,*YWL,BCO,good,mediocre,
208,3,3:38:19,*YWL,BC,mediocre,good,
208,3,3:52:38,*YWL,BCO,mediocre,good,
208,3,3:55:43,*YWL,BC,good,mediocre,
208,3,4:33:35,*YWL,L,good,,
208,3,4:36:56,*YWL,BC,good,old?,
208,3,5:06:39,*YWL,L,good,,
208,3,5:07:01,*YWL,E,good,,
208,3,5:17:36,*YWL,L,good,,
208,3,5:17:51,*YWL,E,good,,
208,3,5:19:20,*YWL,L,good,,
208,3,6:28:15,*YWL,E,good,,
208,3,7:20:47,*YWL,L,good,,
208,3,7:51:17,*YWL,E,mediocre,,
208,3,7:52:59,*YWL,L,mediocre,,
208,3,7:53:06,*YWL,E,mediocre,,
208,3,7:56:41,*YWL,L,mediocre,,
208,3,8:09:53,*YWL,E,good,,
208,3,12:56:26,*YWL,L,good,,
208,3,12:56:38,*YWL,E,good,,
208,3,12:57:36,*YWL,L,good,,
208,3,2:35:54,B*WY,BC,good,old?,
208,3,1:39:11,BG**,E,good,,
208,3,2:45:49,BG**,L,good,,
208,3,2:49:10,BG**,E,good,,
208,3,3:05:41,BG**,L,good,,
208,3,3:16:35,BG**,E,good,,
208,3,3:29:34,BG**,L,good,,
208,3,3:36:38,BG**,BC,mediocre,old?,
208,3,4:41:46,BG**,BCO,mediocre,good,
208,3,4:44:11,BG**,BC,good,mediocre,
208,3,5:24:06,BG**,L,good,,
208,3,5:27:44,BG**,TA,good,old?,
208,3,5:29:54,BG**,L,good,,
208,3,5:34:18,BG**,E,good,,
208,3,6:05:55,BG**,L,good,,
208,3,6:19:58,BG**,E,good,,
208,3,8:00:50,BG**,L,good,,
208,3,8:17:34,BG**,E,good,,
208,3,11:12:33,BG**,L,good,,
208,3,11:15:15,BG**,E,good,,
208,3,2:33:24,BLY*,BC,good,old?,
208,3,2:58:31,BWBY,BC,good,old?,
208,3,2:35:35,BWWY,BC,mediocre,old?,
208,3,4:56:53,BWWY,BCO,mediocre,good,
208,3,4:57:59,BWWY,BC,good,mediocre,
208,3,0:39:53,G*GY,E,good,,
208,3,0:46:30,G*GY,L,good,,
208,3,1:24:03,G*GY,E,mediocre,,
208,3,1:25:22,G*GY,L,mediocre,,
208,3,1:52:01,G*GY,E,good,,
208,3,2:59:53,G*GY,L,good,,
208,3,3:01:27,G*GY,E,good,,
208,3,3:09:56,G*GY,L,good,,
208,3,3:14:40,G*GY,E,good,,
208,3,3:23:17,G*GY,L,good,,
208,3,3:26:59,G*GY,E,mediocre,,
208,3,3:27:04,G*GY,L,mediocre,,
208,3,4:08:38,G*GY,E,mediocre,,
208,3,4:18:16,G*GY,L,mediocre,,
208,3,4:23:17,G*GY,E,good,,
208,3,4:32:33,G*GY,L,good,,
208,3,4:34:17,G*GY,E,good,,
208,3,4:34:26,G*GY,L,good,,
208,3,4:36:56,G*GY,TA,good,old?,
208,3,4:42:01,G*GY,L,good,,
208,3,4:51:23,G*GY,E,mediocre,,
208,3,4:53:49,G*GY,TBO,mediocre,good,
208,3,4:58:13,G*GY,TB,good,mediocre,
208,3,5:00:52,G*GY,L,good,,
208,3,5:05:33,G*GY,E,mediocre,,
208,3,5:08:55,G*GY,L,mediocre,,
208,3,5:09:01,G*GY,E,mediocre,,
208,3,5:10:43,G*GY,L,mediocre,,
208,3,5:20:33,G*GY,E,good,,
208,3,5:33:24,G*GY,L,good,,
208,3,5:42:38,G*GY,E,mediocre,,
208,3,5:48:13,G*GY,L,mediocre,,
208,3,5:48:16,G*GY,E,mediocre,,
208,3,5:48:23,G*GY,L,mediocre,,
208,3,6:02:56,G*GY,E,mediocre,,
208,3,6:05:23,G*GY,L,mediocre,,
208,3,6:10:08,G*GY,E,good,,
208,3,6:46:49,G*GY,L,good,,
208,3,7:59:25,G*GY,E,mediocre,,
208,3,8:02:03,G*GY,L,mediocre,,
208,3,8:22:12,G*GY,E,good,,
208,3,8:40:13,G*GY,L,good,,
208,3,9:13:53,G*GY,E,mediocre,,
208,3,9:14:07,G*GY,L,mediocre,,
208,3,10:19:28,G*GY,E,good,,
208,3,10:21:21,G*GY,L,good,,
208,3,10:45:28,G*GY,E,good,,
208,3,10:56:59,G*GY,L,good,,
208,3,11:31:35,G*GY,E,good,,
208,3,12:00:49,G*GY,L,good,,
208,3,12:24:51,G*GY,E,good,,
208,3,12:35:41,G*GY,L,good,,
208,3,2:58:37,GB**,BC,good,old?,
208,3,3:12:52,GB**,L,good,,
208,3,3:18:57,GB**,E,good,,
208,3,4:52:38,GB**,L,good,,
208,3,5:09:04,GB**,BC,good,old?,
208,3,10:33:22,GB**,L,good,,
208,3,10:42:49,GB**,E,good,,
208,3,0:21:54,GB*Y,E,good,,
208,3,0:26:12,GB*Y,L,good,,
208,3,0:58:17,GB*Y,E,mediocre,,
208,3,0:59:54,GB*Y,L,mediocre,,
208,3,2:11:45,GB*Y,E,good,,
208,3,2:33:39,GB*Y,L,good,,
208,3,2:34:34,GB*Y,E,good,,
208,3,2:39:34,GB*Y,L,good,,
208,3,2:39:35,GB*Y,FB,good,old,
208,3,2:55:51,GB*Y,E,good,,
208,3,3:01:40,GB*Y,L,good,,
208,3,3:01:57,GB*Y,E,good,,
208,3,3:07:18,GB*Y,L,good,,
208,3,3:12:00,GB*Y,BC,good,old?,
208,3,3:21:01,GB*Y,L,good,,
208,3,3:41:19,GB*Y,BC,good,old?,
208,3,4:15:35,GB*Y,L,good,,
208,3,4:24:35,GB*Y,FB,good,mediocre,Following GOW*
208,3,4:25:07,GB*Y,E,mediocre,,
208,3,4:32:06,GB*Y,L,mediocre,,
208,3,4:32:09,GB*Y,E,mediocre,,
208,3,4:32:12,GB*Y,L,mediocre,,
208,3,4:32:16,GB*Y,E,mediocre,,
208,3,4:32:25,GB*Y,L,mediocre,,
208,3,4:34:14,GB*Y,E,mediocre,,
208,3,4:35:58,GB*Y,L,mediocre,,
208,3,4:40:56,GB*Y,E,good,,
208,3,4:43:41,GB*Y,L,good,,
208,3,4:49:57,GB*Y,E,mediocre,,
208,3,4:52:53,GB*Y,TAO,mediocre,good,
208,3,4:57:17,GB*Y,TA,good,mediocre,
208,3,5:00:08,GB*Y,L,good,,
208,3,5:03:53,GB*Y,E,mediocre,,
208,3,5:06:46,GB*Y,L,mediocre,,
208,3,5:07:04,GB*Y,E,mediocre,,
208,3,5:08:56,GB*Y,L,mediocre,,
208,3,5:11:45,GB*Y,E,mediocre,,
208,3,5:16:12,GB*Y,L,mediocre,,
208,3,5:27:44,GB*Y,BC,good,old?,
208,3,5:45:22,GB*Y,L,good,,
208,3,5:50:54,GB*Y,E,good,,
208,3,6:15:17,GB*Y,L,good,,
208,3,6:17:22,GB*Y,E,mediocre,,
208,3,6:17:42,GB*Y,L,mediocre,,
208,3,6:22:02,GB*Y,E,good,,
208,3,6:37:22,GB*Y,L,good,,
208,3,6:49:53,GB*Y,E,good,,
208,3,7:03:13,GB*Y,L,good,,
208,3,7:22:59,GB*Y,E,mediocre,,
208,3,7:25:15,GB*Y,L,mediocre,,
208,3,7:37:28,GB*Y,E,good,,
208,3,8:02:03,GB*Y,TAO,good,?,Carried back to old nest?
208,3,8:17:42,GB*Y,E,good,,
208,3,8:44:34,GB*Y,L,good,,
208,3,8:48:14,GB*Y,E,mediocre,,
208,3,8:49:44,GB*Y,L,mediocre,,
208,3,9:43:03,GB*Y,E,mediocre,,
208,3,9:45:40,GB*Y,L,mediocre,,
208,3,9:50:40,GB*Y,E,good,,
208,3,10:02:10,GB*Y,TAO,good,?,Carried back to old nest?
208,3,10:04:32,GB*Y,E,good,,
208,3,10:16:16,GB*Y,L,good,,
208,3,10:27:24,GB*Y,E,good,,
208,3,10:32:32,GB*Y,TAO,good,?,Carried back to old nest?
208,3,10:37:25,GB*Y,E,good,,
208,3,10:40:40,GB*Y,L,good,,
208,3,10:44:30,GB*Y,E,good,,
208,3,10:54:34,GB*Y,L,good,,
208,3,11:05:56,GB*Y,E,good,,
208,3,11:07:17,GB*Y,L,good,,
208,3,11:16:15,GB*Y,E,mediocre,,
208,3,11:16:50,GB*Y,L,mediocre,,
208,3,11:18:50,GB*Y,E,good,,
208,3,11:21:08,GB*Y,L,good,,
208,3,11:34:50,GB*Y,TU,good,,
208,3,11:35:58,GB*Y,L,good,,
208,3,11:40:59,GB*Y,E,good,,
208,3,11:43:43,GB*Y,L,good,,
208,3,12:02:49,GB*Y,E,good,,
208,3,12:04:00,GB*Y,L,good,,
208,3,12:12:31,GB*Y,E,good,,
208,3,12:21:43,GB*Y,L,good,,
208,3,12:27:54,GB*Y,E,mediocre,,
208,3,12:30:01,GB*Y,L,mediocre,,
208,3,12:35:35,GB*Y,E,good,,
208,3,12:36:29,GB*Y,L,good,,
208,3,1:16:45,GBLO,E,mediocre,,
208,3,1:27:34,GBLO,L,mediocre,,
208,3,3:11:24,GBLO,BCO,mediocre,good,
208,3,3:14:09,GBLO,BC,good,mediocre,
208,3,3:26:11,GBLO,L,good,,
208,3,3:37:50,GBLO,E,mediocre,,
208,3,3:38:20,GBLO,L,mediocre,,
208,3,3:58:26,GBLO,E,good,,
208,3,4:15:25,GBLO,FB,good,mediocre,
208,3,4:15:25,GBLO,L,good,,
208,3,4:37:35,GBLO,E,mediocre,,
208,3,4:41:57,GBLO,L,mediocre,,
208,3,4:42:08,GBLO,E,mediocre,,
208,3,4:42:10,GBLO,L,mediocre,,
208,3,4:42:15,GBLO,E,mediocre,,
208,3,4:42:38,GBLO,L,mediocre,,
208,3,4:42:40,GBLO,E,mediocre,,
208,3,4:43:48,GBLO,L,mediocre,,
208,3,4:43:51,GBLO,E,mediocre,,
208,3,4:45:12,GBLO,L,mediocre,,
208,3,4:45:19,GBLO,E,mediocre,,
208,3,4:47:40,GBLO,L,mediocre,,
208,3,4:48:02,GBLO,E,mediocre,,
208,3,4:48:44,GBLO,L,mediocre,,
208,3,4:50:08,GBLO,E,mediocre,,
208,3,4:55:23,GBLO,L,mediocre,,
208,3,4:57:35,GBLO,E,mediocre,,
208,3,4:59:36,GBLO,L,mediocre,,
208,3,5:00:20,GBLO,E,mediocre,,
208,3,5:00:25,GBLO,L,mediocre,,
208,3,5:00:44,GBLO,E,mediocre,,
208,3,5:01:17,GBLO,L,mediocre,,
208,3,5:01:36,GBLO,E,mediocre,,
208,3,5:01:47,GBLO,L,mediocre,,
208,3,5:01:58,GBLO,E,mediocre,,
208,3,5:03:26,GBLO,BCO,mediocre,good,
208,3,5:05:23,GBLO,BC,good,mediocre,
208,3,5:19:03,GBLO,L,good,,
208,3,5:46:36,GBLO,E,good,,
208,3,5:58:06,GBLO,L,good,,
208,3,10:55:35,GBLO,E,mediocre,,
208,3,11:01:00,GBLO,L,mediocre,,
208,3,11:01:03,GBLO,E,mediocre,,
208,3,11:03:32,GBLO,L,mediocre,,
208,3,12:08:43,GBLO,E,mediocre,,
208,3,12:08:49,GBLO,L,mediocre,,
208,3,12:08:51,GBLO,E,mediocre,,
208,3,12:11:03,GBLO,L,mediocre,,
208,3,12:47:58,GBLO,E,mediocre,,
208,3,12:49:14,GBLO,L,mediocre,,
208,3,1:02:07,GBO*,E,good,,
208,3,1:06:37,GBO*,L,good,,
208,3,1:17:54,GBO*,E,mediocre,,
208,3,1:18:49,GBO*,L,mediocre,,
208,3,2:02:44,GBO*,FB,old,good,
208,3,2:03:02,GBO*,E,good,,
208,3,2:31:56,GBO*,L,good,,
208,3,2:32:56,GBO*,E,good,,
208,3,2:40:43,GBO*,L,good,,
208,3,2:41:08,GBO*,E,good,,
208,3,2:42:11,GBO*,L,good,,
208,3,2:48:28,GBO*,TB,good,old?,
208,3,2:49:15,GBO*,L,good,,
208,3,2:54:36,GBO*,E,good,,
208,3,2:55:25,GBO*,L,good,,
208,3,3:00:36,GBO*,TB,good,old?,
208,3,3:02:13,GBO*,L,good,,
208,3,3:06:16,GBO*,TB,good,old?,
208,3,3:07:45,GBO*,L,good,,
208,3,3:17:21,GBO*,E,good,,
208,3,3:20:57,GBO*,L,good,,
208,3,3:27:42,GBO*,E,good,,
208,3,3:32:22,GBO*,L,good,,
208,3,4:02:09,GBO*,E,good,,
208,3,4:17:55,GBO*,L,good,,
208,3,4:18:29,GBO*,E,good,,
208,3,4:27:43,GBO*,L,good,,
208,3,4:33:19,GBO*,E,good,,
208,3,4:35:18,GBO*,L,good,,
208,3,4:37:11,GBO*,E,good,,
208,3,4:41:16,GBO*,L,good,,
208,3,4:41:27,GBO*,FB,good,mediocre,
208,3,4:57:52,GBO*,E,mediocre,,
208,3,5:02:02,GBO*,L,mediocre,,
208,3,5:06:11,GBO*,E,good,,
208,3,5:24:48,GBO*,L,good,,
208,3,5:25:55,GBO*,TA,good,old?,
208,3,5:27:10,GBO*,L,good,,
208,3,5:36:12,GBO*,E,good,,
208,3,5:42:47,GBO*,L,good,,
208,3,5:46:22,GBO*,E,good,,
208,3,5:50:37,GBO*,L,good,,
208,3,6:01:44,GBO*,TU,good,,
208,3,6:04:37,GBO*,L,good,,
208,3,6:09:08,GBO*,E,good,,
208,3,6:14:36,GBO*,L,good,,
208,3,6:21:01,GBO*,E,mediocre,,
208,3,6:22:22,GBO*,L,mediocre,,
208,3,6:22:36,GBO*,E,mediocre,,
208,3,6:23:34,GBO*,L,mediocre,,
208,3,6:33:33,GBO*,E,good,,
208,3,6:37:08,GBO*,L,good,,
208,3,6:39:33,GBO*,E,good,,
208,3,6:44:27,GBO*,L,good,,
208,3,6:58:38,GBO*,TU,good,,
208,3,7:06:12,GBO*,L,good,,
208,3,7:14:50,GBO*,E,mediocre,,
208,3,7:16:57,GBO*,L,mediocre,,
208,3,7:19:03,GBO*,E,good,,
208,3,7:22:02,GBO*,L,good,,
208,3,7:57:48,GBO*,E,good,,
208,3,8:01:39,GBO*,L,good,,
208,3,8:26:29,GBO*,E,good,,
208,3,8:27:33,GBO*,L,good,,
208,3,8:38:24,GBO*,E,good,,
208,3,8:42:43,GBO*,L,good,,
208,3,9:20:34,GBO*,E,good,,
208,3,9:26:53,GBO*,L,good,,
208,3,9:52:53,GBO*,E,good,,
208,3,9:54:10,GBO*,L,good,,
208,3,10:57:00,GBO*,E,good,,
208,3,11:10:10,GBO*,L,good,,
208,3,11:27:32,GBO*,E,good,,
208,3,11:32:34,GBO*,L,good,,
208,3,11:39:30,GBO*,E,good,,
208,3,11:54:23,GBO*,L,good,,
208,3,12:32:03,GBO*,E,good,,
208,3,12:40:51,GBO*,L,good,,
208,3,2:54:37,GGGG,BC,mediocre,old?,
208,3,2:55:00,GGGG,BCO,mediocre,mediocre,
208,3,2:55:38,GGGG,BC,mediocre,mediocre,
208,3,2:56:03,GGGG,BCO,mediocre,mediocre,
208,3,3:02:58,GGGG,BC,mediocre,mediocre,
208,3,4:13:53,GGGG,BCO,mediocre,good,
208,3,4:15:35,GGGG,BC,good,mediocre,
208,3,2:19:18,GGO*,BC,good,old?,
208,3,1:50:31,GGPY,FB,old,good,
208,3,1:50:44,GGPY,E,good,,
208,3,1:54:30,GGPY,L,good,,Stopped recording departures
208,3,2:02:44,GGPY,LB,old,good,
208,3,2:02:59,GGPY,E,good,,
208,3,2:17:23,GGPY,L,good,,
208,3,2:25:15,GGPY,E,good,,
208,3,2:29:46,GGPY,L,good,,
208,3,2:34:42,GGPY,TA,good,old?,
208,3,2:36:12,GGPY,L,good,,
208,3,2:38:56,GGPY,TA,good,old?,
208,3,2:40:13,GGPY,L,good,,
208,3,2:45:13,GGPY,TB,good,old?,
208,3,2:47:29,GGPY,L,good,,
208,3,2:51:22,GGPY,TB,good,old?,
208,3,2:52:06,GGPY,L,good,,
208,3,2:55:46,GGPY,TA,good,old?,
208,3,2:56:45,GGPY,L,good,,
208,3,2:59:58,GGPY,TA,good,old?,
208,3,3:00:41,GGPY,L,good,,
208,3,3:03:25,GGPY,TB,good,old?,
208,3,3:05:11,GGPY,L,good,,
208,3,3:07:27,GGPY,TB,good,old?,
208,3,3:08:53,GGPY,L,good,,
208,3,3:14:48,GGPY,TA,good,old?,
208,3,3:19:40,GGPY,L,good,,
208,3,3:34:50,GGPY,E,good,,
208,3,3:42:11,GGPY,L,good,,
208,3,3:45:39,GGPY,BC,good,old?,
208,3,3:57:30,GGPY,L,good,,
208,3,4:01:22,GGPY,TA,good,old?,
208,3,4:03:34,GGPY,L,good,,
208,3,4:08:00,GGPY,TB,good,old?,
208,3,4:10:17,GGPY,L,good,,
208,3,4:13:56,GGPY,BC,good,old?,
208,3,4:27:53,GGPY,L,good,,
208,3,4:33:41,GGPY,TU,good,,
208,3,4:37:19,GGPY,L,good,,
208,3,4:38:56,GGPY,E,good,,
208,3,4:52:03,GGPY,L,good,,
208,3,5:06:20,GGPY,E,mediocre,,
208,3,5:06:27,GGPY,L,mediocre,,
208,3,5:06:31,GGPY,E,mediocre,,
208,3,5:10:26,GGPY,L,mediocre,,
208,3,5:12:38,GGPY,E,good,,
208,3,5:18:22,GGPY,L,good,,
208,3,5:26:17,GGPY,E,good,,
208,3,5:34:04,GGPY,L,good,,
208,3,5:43:18,GGPY,E,good,,
208,3,5:51:21,GGPY,L,good,,
208,3,6:00:57,GGPY,E,mediocre,,
208,3,6:01:21,GGPY,L,mediocre,,
208,3,6:05:05,GGPY,TU,good,,
208,3,6:07:33,GGPY,L,good,,
208,3,6:12:14,GGPY,TU,good,,
208,3,6:15:16,GGPY,L,good,,
208,3,6:32:12,GGPY,E,good,,
208,3,6:52:35,GGPY,L,good,,
208,3,7:01:13,GGPY,TU,good,,
208,3,7:07:13,GGPY,L,good,,
208,3,7:23:35,GGPY,TU,good,,
208,3,7:27:36,GGPY,L,good,,
208,3,7:42:12,GGPY,E,good,,
208,3,7:51:29,GGPY,L,good,,
208,3,8:26:56,GGPY,E,good,,
208,3,8:34:24,GGPY,L,good,,
208,3,8:50:02,GGPY,E,good,,
208,3,8:56:16,GGPY,L,good,,
208,3,9:10:49,GGPY,E,mediocre,,
208,3,9:11:51,GGPY,L,mediocre,,
208,3,9:11:54,GGPY,E,mediocre,,
208,3,9:12:17,GGPY,L,mediocre,,
208,3,9:14:49,GGPY,E,good,,
208,3,9:21:07,GGPY,L,good,,
208,3,9:27:31,GGPY,E,mediocre,,
208,3,9:27:48,GGPY,L,mediocre,,
208,3,9:37:17,GGPY,E,good,,
208,3,9:44:30,GGPY,L,good,,
208,3,9:57:02,GGPY,TU,good,,
208,3,9:58:02,GGPY,L,good,,
208,3,10:25:02,GGPY,E,good,,
208,3,10:33:20,GGPY,L,good,,
208,3,10:41:51,GGPY,E,good,,
208,3,10:47:08,GGPY,L,good,,
208,3,11:02:48,GGPY,BC,good,old?,
208,3,11:06:34,GGPY,L,good,,
208,3,11:18:48,GGPY,E,good,,
208,3,11:27:32,GGPY,L,good,,
208,3,11:32:48,GGPY,E,good,,
208,3,11:34:07,GGPY,L,good,,
208,3,12:07:09,GGPY,E,good,,
208,3,12:18:57,GGPY,L,good,,
208,3,12:55:00,GGPY,E,good,,
208,3,1:44:09,GGY*,E,good,,#2
208,3,2:37:16,GGY*,L,good,,#2
208,3,2:38:31,GGY*,E,good,,#2
208,3,2:50:49,GGY*,L,good,,#2
208,3,2:53:15,GGY*,E,good,,#2
208,3,5:01:09,GGY*,L,good,,#2
208,3,5:04:28,GGY*,E,good,,#2
208,3,5:57:18,GGY*,L,good,,#2
208,3,6:04:22,GGY*,E,good,,#2
208,3,2:09:50,GGYO,FB,old,good,#1
208,3,2:09:51,GGYO,E,good,,Added
208,3,2:45:34,GGYO,L,good,,#1
208,3,2:46:17,GGYO,E,good,,#1
208,3,2:50:40,GGYO,L,good,,#1
208,3,2:51:41,GGYO,E,good,,#1
208,3,2:54:08,GGYO,L,good,,#1
208,3,3:03:47,GGYO,TB,good,old?,#1
208,3,3:05:25,GGYO,L,good,,#1
208,3,3:29:35,GGYO,E,good,,#1
208,3,3:48:20,GGYO,L,good,,#1
208,3,3:56:27,GGYO,E,good,,#1
208,3,4:29:18,GGYO,L,good,,#1
208,3,4:49:32,GGYO,E,good,,#1
208,3,5:14:59,GGYO,L,good,,#1
208,3,5:24:46,GGYO,E,good,,#1
208,3,5:49:25,GGYO,L,good,,#1
208,3,6:00:38,GGYO,E,good,,#1
208,3,10:38:14,GGYO,L,good,,#1
208,3,10:41:22,GGYO,E,good,,#1
208,3,12:09:06,GGYO,L,good,,#1
208,3,12:40:33,GGYO,E,good,,#1
208,3,12:53:55,GGYO,L,good,,#1
208,3,12:54:57,GGYO,E,good,,#1
208,3,1:06:42,GO*G,E,mediocre,,
208,3,1:08:20,GO*G,L,mediocre,,
208,3,1:47:30,GO*G,FB,old,good,
208,3,1:52:17,GO*G,E,good,,
208,3,2:18:07,GO*G,L,good,,
208,3,2:25:26,GO*G,TA,good,old?,
208,3,2:26:34,GO*G,L,good,,
208,3,2:30:37,GO*G,TA,good,old?,
208,3,2:31:55,GO*G,L,good,,
208,3,2:46:44,GO*G,TA,good,old?,
208,3,2:47:54,GO*G,L,good,,
208,3,2:50:54,GO*G,TA,good,old?,
208,3,2:52:02,GO*G,L,good,,
208,3,2:54:48,GO*G,TA,good,old?,
208,3,2:56:08,GO*G,L,good,,
208,3,2:58:37,GO*G,TA,good,old?,
208,3,2:59:22,GO*G,L,good,,
208,3,3:01:48,GO*G,TA,good,old?,
208,3,3:02:33,GO*G,L,good,,
208,3,3:05:16,GO*G,TB,good,old?,
208,3,3:06:15,GO*G,L,good,,
208,3,3:15:54,GO*G,TA,good,old?,
208,3,3:18:17,GO*G,L,good,,
208,3,3:24:55,GO*G,TA,good,old?,
208,3,3:26:01,GO*G,L,good,,
208,3,3:32:03,GO*G,TA,good,old?,
208,3,3:35:00,GO*G,L,good,,
208,3,3:41:19,GO*G,TA,good,old?,
208,3,3:42:24,GO*G,L,good,,
208,3,3:45:39,GO*G,TA,good,old?,
208,3,3:48:44,GO*G,L,good,,
208,3,3:57:05,GO*G,E,mediocre,,
208,3,3:58:09,GO*G,TBO,mediocre,good,
208,3,4:00:00,GO*G,TB,good,mediocre,
208,3,4:03:01,GO*G,L,good,,
208,3,4:07:30,GO*G,E,good,,
208,3,4:09:16,GO*G,L,good,,
208,3,4:23:06,GO*G,E,mediocre,,
208,3,4:24:35,GO*G,TBO,mediocre,good,
208,3,4:26:04,GO*G,TB,good,mediocre,
208,3,4:27:09,GO*G,L,good,,
208,3,4:40:30,GO*G,E,mediocre,,
208,3,4:41:46,GO*G,TAO,mediocre,good,
208,3,4:44:11,GO*G,TA,good,mediocre,
208,3,4:44:39,GO*G,L,good,,
208,3,4:46:49,GO*G,E,mediocre,,
208,3,4:47:28,GO*G,TBO,mediocre,good,
208,3,4:48:49,GO*G,TB,good,mediocre,
208,3,4:49:39,GO*G,L,good,,
208,3,4:52:07,GO*G,E,mediocre,,
208,3,4:53:31,GO*G,TBO,mediocre,good,
208,3,4:54:53,GO*G,TB,good,mediocre,
208,3,4:56:06,GO*G,L,good,,
208,3,4:57:50,GO*G,E,mediocre,,
208,3,4:58:46,GO*G,TAO,mediocre,good,
208,3,5:00:04,GO*G,TA,good,mediocre,
208,3,5:00:42,GO*G,L,good,,
208,3,5:02:31,GO*G,E,mediocre,,
208,3,5:05:38,GO*G,L,mediocre,,
208,3,5:05:42,GO*G,E,mediocre,,
208,3,5:06:17,GO*G,L,mediocre,,
208,3,5:08:00,GO*G,E,mediocre,,
208,3,5:09:48,GO*G,BCO,mediocre,good,
208,3,5:12:12,GO*G,BC,good,mediocre,
208,3,5:19:41,GO*G,L,good,,
208,3,5:20:58,GO*G,E,mediocre,,
208,3,5:21:26,GO*G,L,mediocre,,
208,3,5:30:47,GO*G,E,mediocre,,
208,3,5:34:56,GO*G,L,mediocre,,
208,3,5:40:16,GO*G,E,mediocre,,
208,3,5:42:27,GO*G,L,mediocre,,
208,3,5:50:43,GO*G,E,good,,
208,3,6:19:25,GO*G,L,good,,
208,3,6:24:21,GO*G,E,mediocre,,
208,3,6:25:29,GO*G,L,mediocre,,
208,3,6:32:18,GO*G,E,mediocre,,
208,3,6:35:06,GO*G,L,mediocre,,
208,3,6:35:08,GO*G,E,mediocre,,
208,3,6:35:50,GO*G,L,mediocre,,
208,3,6:37:55,GO*G,E,good,,
208,3,6:55:32,GO*G,L,good,,
208,3,7:01:29,GO*G,E,mediocre,,
208,3,7:03:25,GO*G,L,mediocre,,
208,3,7:16:33,GO*G,E,good,,
208,3,7:29:13,GO*G,L,good,,
208,3,7:34:41,GO*G,E,good,,
208,3,7:41:19,GO*G,L,good,,
208,3,8:12:22,GO*G,E,good,,
208,3,8:28:19,GO*G,L,good,,
208,3,8:36:36,GO*G,E,mediocre,,
208,3,8:37:24,GO*G,L,mediocre,,
208,3,8:37:29,GO*G,E,mediocre,,
208,3,8:37:45,GO*G,L,mediocre,,
208,3,8:42:25,GO*G,E,good,,
208,3,9:02:58,GO*G,L,good,,
208,3,9:11:13,GO*G,E,mediocre,,
208,3,9:12:22,GO*G,L,mediocre,,
208,3,9:16:53,GO*G,E,good,,
208,3,9:32:30,GO*G,L,good,,
208,3,9:43:29,GO*G,E,good,,
208,3,9:50:10,GO*G,L,good,,
208,3,10:12:02,GO*G,E,good,,
208,3,10:59:21,GO*G,L,good,,
208,3,11:00:45,GO*G,E,good,,
208,3,11:19:33,GO*G,L,good,,
208,3,11:30:02,GO*G,E,good,,
208,3,11:38:22,GO*G,L,good,,
208,3,11:48:02,GO*G,E,good,,
208,3,12:08:34,GO*G,L,good,,
208,3,12:10:33,GO*G,E,good,,
208,3,12:12:14,GO*G,L,good,,
208,3,12:19:54,GO*G,E,mediocre,,
208,3,12:21:36,GO*G,L,mediocre,,
208,3,12:27:50,GO*G,E,good,,
208,3,1:20:39,GOW*,E,mediocre,,
208,3,1:23:33,GOW*,L,mediocre,,
208,3,2:08:32,GOW*,TA,mediocre,old?,
208,3,2:09:42,GOW*,L,mediocre,,
208,3,2:13:48,GOW*,TA,mediocre,old?,
208,3,2:14:35,GOW*,L,mediocre,,
208,3,2:18:30,GOW*,TA,mediocre,old?,
208,3,2:20:39,GOW*,L,mediocre,,
208,3,2:25:38,GOW*,TA,mediocre,old?,
208,3,2:32:05,GOW*,L,mediocre,,
208,3,2:35:35,GOW*,TA,mediocre,old?,
208,3,2:36:30,GOW*,L,mediocre,,
208,3,2:40:07,GOW*,TA,mediocre,old?,
208,3,2:40:48,GOW*,L,mediocre,,
208,3,2:44:30,GOW*,TB,mediocre,old?,
208,3,2:47:24,GOW*,L,mediocre,,
208,3,2:50:05,GOW*,TB,mediocre,old?,
208,3,2:51:13,GOW*,L,mediocre,,
208,3,2:54:25,GOW*,TA,mediocre,old?,
208,3,2:55:14,GOW*,L,mediocre,,
208,3,2:58:09,GOW*,TB,mediocre,old?,
208,3,2:59:38,GOW*,L,mediocre,,
208,3,3:03:13,GOW*,TB,mediocre,old?,
208,3,3:05:14,GOW*,L,mediocre,,
208,3,3:14:48,GOW*,BC,good,old?,
208,3,3:23:13,GOW*,L,good,,
208,3,3:35:21,GOW*,TA,good,old?,
208,3,3:38:32,GOW*,L,good,,
208,3,3:51:56,GOW*,E,mediocre,,
208,3,3:52:38,GOW*,TAO,mediocre,good,
208,3,3:55:43,GOW*,TA,good,mediocre,
208,3,4:01:17,GOW*,L,good,,
208,3,4:04:42,GOW*,E,mediocre,,
208,3,4:05:48,GOW*,TBO,mediocre,good,
208,3,4:08:21,GOW*,TB,good,mediocre,
208,3,4:10:10,GOW*,L,good,,
208,3,4:13:56,GOW*,TA,good,old?,
208,3,4:15:21,GOW*,L,good,,
208,3,4:15:25,GOW*,LB,good,mediocre,
208,3,4:25:05,GOW*,E,mediocre,,
208,3,4:29:00,GOW*,L,mediocre,,
208,3,4:32:33,GOW*,E,good,,
208,3,4:34:32,GOW*,L,good,,
208,3,4:39:09,GOW*,E,mediocre,,
208,3,4:40:28,GOW*,TAO,mediocre,good,
208,3,4:42:50,GOW*,TA,good,mediocre,
208,3,4:43:38,GOW*,L,good,,
208,3,4:43:41,GOW*,LB,good,mediocre,
208,3,4:48:50,GOW*,LB,good,mediocre,
208,3,4:49:17,GOW*,E,mediocre,,
208,3,4:50:32,GOW*,TBO,mediocre,good,
208,3,4:53:10,GOW*,TB,good,mediocre,
208,3,4:54:45,GOW*,L,good,,
208,3,4:54:50,GOW*,E,good,,
208,3,4:56:27,GOW*,L,good,,
208,3,4:57:58,GOW*,E,mediocre,,
208,3,4:59:21,GOW*,TBO,mediocre,good,
208,3,5:01:46,GOW*,TB,good,mediocre,
208,3,5:02:25,GOW*,L,good,,
208,3,5:04:06,GOW*,E,mediocre,,
208,3,5:09:48,GOW*,TAO,mediocre,good,
208,3,5:12:12,GOW*,TA,good,mediocre,
208,3,5:16:32,GOW*,L,good,,
208,3,5:28:33,GOW*,E,mediocre,,
208,3,5:32:44,GOW*,L,mediocre,,
208,3,5:38:56,GOW*,E,good,,
208,3,5:51:59,GOW*,L,good,,
208,3,6:00:56,GOW*,E,mediocre,,
208,3,6:03:18,GOW*,L,mediocre,,
208,3,6:03:46,GOW*,E,mediocre,,
208,3,6:03:47,GOW*,L,mediocre,,
208,3,6:08:24,GOW*,E,good,,
208,3,6:31:32,GOW*,L,good,,
208,3,6:33:57,GOW*,E,good,,
208,3,6:35:05,GOW*,L,good,,
208,3,6:48:23,GOW*,E,mediocre,,
208,3,6:50:40,GOW*,L,mediocre,,
208,3,6:57:24,GOW*,E,good,,
208,3,7:21:05,GOW*,L,good,,
208,3,7:24:26,GOW*,E,good,,
208,3,7:25:53,GOW*,L,good,,
208,3,7:34:45,GOW*,E,mediocre,,
208,3,7:35:58,GOW*,L,mediocre,,
208,3,7:40:28,GOW*,E,good,,
208,3,7:46:56,GOW*,L,good,,
208,3,8:00:57,GOW*,E,good,,
208,3,8:05:16,GOW*,L,good,,
208,3,8:22:21,GOW*,E,good,,
208,3,8:23:52,GOW*,L,good,,
208,3,8:57:55,GOW*,E,mediocre,,
208,3,8:59:08,GOW*,L,mediocre,,
208,3,9:04:29,GOW*,E,mediocre,,
208,3,9:05:19,GOW*,L,mediocre,,
208,3,9:08:21,GOW*,E,good,,
208,3,9:14:56,GOW*,L,good,,
208,3,9:28:04,GOW*,E,good,,
208,3,9:28:59,GOW*,L,good,,
208,3,9:45:48,GOW*,E,good,,
208,3,9:46:57,GOW*,L,good,,
208,3,10:04:27,GOW*,E,good,,
208,3,10:05:45,GOW*,L,good,,
208,3,10:19:50,GOW*,TA,good,old?,
208,3,10:25:17,GOW*,L,good,,
208,3,10:46:43,GOW*,E,good,,
208,3,10:47:05,GOW*,L,good,,
208,3,11:15:04,GOW*,E,mediocre,,
208,3,11:18:04,GOW*,L,mediocre,,
208,3,11:18:06,GOW*,E,mediocre,,
208,3,11:18:42,GOW*,L,mediocre,,
208,3,11:21:48,GOW*,E,good,,
208,3,11:29:31,GOW*,L,good,,
208,3,11:36:12,GOW*,TA,good,old?,
208,3,11:37:20,GOW*,L,good,,
208,3,11:47:17,GOW*,TA,good,old?,Drop Ant Through Entry
208,3,11:47:18,GOW*,L,good,,
208,3,11:54:20,GOW*,E,mediocre,,
208,3,11:55:20,GOW*,L,mediocre,,
208,3,11:59:12,GOW*,E,good,,
208,3,12:02:52,GOW*,L,good,,
208,3,12:20:20,GOW*,E,good,,
208,3,12:30:57,GOW*,L,good,,
208,3,12:38:47,GOW*,E,good,,
208,3,12:47:35,GOW*,L,good,,
208,3,12:56:28,GOW*,E,good,,
208,3,1:13:26,GOYL,E,good,,
208,3,1:18:11,GOYL,L,good,,
208,3,1:52:05,GOYL,E,mediocre,,
208,3,2:02:36,GOYL,L,mediocre,,
208,3,2:12:39,GOYL,BC,good,old?,
208,3,2:23:10,GOYL,L,good,,
208,3,2:33:11,GOYL,E,good,,
208,3,2:38:02,GOYL,L,good,,
208,3,2:54:37,GOYL,TA,mediocre,old?,
208,3,2:55:00,GOYL,TAO,mediocre,mediocre,
208,3,2:55:38,GOYL,TA,mediocre,mediocre,
208,3,2:56:03,GOYL,TAO,mediocre,mediocre,
208,3,3:02:58,GOYL,TA,mediocre,mediocre,
208,3,3:07:48,GOYL,L,mediocre,,
208,3,3:12:00,GOYL,TA,good,old?,
208,3,3:14:23,GOYL,LB,good,old,
208,3,3:14:24,GOYL,L,good,,
208,3,3:16:34,GOYL,LB,old,good,
208,3,3:34:47,GOYL,E,good,,
208,3,3:54:01,GOYL,L,good,,
208,3,4:01:22,GOYL,BC,good,old?,
208,3,4:02:41,GOYL,BCO,good,mediocre,
208,3,4:05:23,GOYL,BC,mediocre,good,
208,3,4:13:49,GOYL,L,mediocre,,
208,3,4:14:36,GOYL,E,mediocre,,
208,3,4:14:42,GOYL,L,mediocre,,
208,3,4:15:04,GOYL,E,mediocre,,
208,3,4:15:36,GOYL,L,mediocre,,
208,3,4:17:06,GOYL,E,mediocre,,
208,3,4:23:25,GOYL,BCO,mediocre,good,
208,3,4:24:30,GOYL,BC,good,mediocre,
208,3,4:36:26,GOYL,L,good,,
208,3,4:50:55,GOYL,E,good,,
208,3,4:57:48,GOYL,L,good,,
208,3,4:59:12,GOYL,E,good,,
208,3,5:00:31,GOYL,L,good,,
208,3,5:19:58,GOYL,E,good,,
208,3,5:26:56,GOYL,L,good,,
208,3,5:29:44,GOYL,E,mediocre,,
208,3,5:32:50,GOYL,L,mediocre,,
208,3,5:34:22,GOYL,E,good,,
208,3,5:48:58,GOYL,L,good,,
208,3,5:53:08,GOYL,E,mediocre,,
208,3,5:53:15,GOYL,L,mediocre,,
208,3,5:53:23,GOYL,E,mediocre,,
208,3,5:55:41,GOYL,L,mediocre,,
208,3,5:58:28,GOYL,E,good,,
208,3,6:03:29,GOYL,L,good,,
208,3,6:07:49,GOYL,E,good,,
208,3,6:16:25,GOYL,L,good,,
208,3,6:24:55,GOYL,E,good,,
208,3,6:29:48,GOYL,L,good,,
208,3,7:01:24,GOYL,E,mediocre,,
208,3,7:03:42,GOYL,L,mediocre,,
208,3,7:05:39,GOYL,E,good,,
208,3,7:17:53,GOYL,L,good,,
208,3,7:23:40,GOYL,E,mediocre,,
208,3,7:26:27,GOYL,L,mediocre,,
208,3,7:31:19,GOYL,E,good,,
208,3,7:39:46,GOYL,L,good,,
208,3,7:46:15,GOYL,E,mediocre,,
208,3,7:46:19,GOYL,L,mediocre,,
208,3,7:59:07,GOYL,E,good,,
208,3,8:18:11,GOYL,L,good,,
208,3,8:38:24,GOYL,E,mediocre,,
208,3,8:39:24,GOYL,L,mediocre,,
208,3,8:51:36,GOYL,E,good,,
208,3,9:05:57,GOYL,L,good,,
208,3,9:28:41,GOYL,E,good,,
208,3,9:29:12,GOYL,L,good,,
208,3,9:38:43,GOYL,E,mediocre,,
208,3,9:39:48,GOYL,L,mediocre,,
208,3,9:39:58,GOYL,E,mediocre,,
208,3,9:42:56,GOYL,L,mediocre,,
208,3,10:05:50,GOYL,E,good,,
208,3,10:17:17,GOYL,L,good,,
208,3,10:50:22,GOYL,E,good,,
208,3,11:00:43,GOYL,L,good,,
208,3,11:10:12,GOYL,TA,good,old?,
208,3,11:10:45,GOYL,L,good,,
208,3,11:13:32,GOYL,E,mediocre,,
208,3,11:16:55,GOYL,L,mediocre,,
208,3,11:47:17,GOYL,BC,good,old?,
208,3,11:52:31,GOYL,L,good,,
208,3,12:08:53,GOYL,E,mediocre,,
208,3,12:08:56,GOYL,L,mediocre,,
208,3,12:11:52,GOYL,E,good,,
208,3,12:24:23,GOYL,L,good,,
208,3,12:48:56,GOYL,E,good,,
208,3,12:51:28,GOYL,L,good,,
208,3,2:46:44,GPGW,BC,good,old?,
208,3,3:12:42,GPGW,BCO,good,mediocre,
208,3,3:14:21,GPGW,BC,mediocre,good,
208,3,4:49:42,GPGW,BCO,mediocre,good,
208,3,4:51:00,GPGW,BC,good,mediocre,
208,3,1:41:27,GWG*,E,mediocre,,
208,3,1:55:53,GWG*,L,mediocre,,
208,3,2:43:51,GWG*,TB,mediocre,old?,
208,3,2:45:36,GWG*,L,mediocre,,
208,3,2:49:19,GWG*,TB,mediocre,old?,
208,3,2:51:16,GWG*,L,mediocre,,
208,3,2:53:30,GWG*,TB,mediocre,old?,
208,3,2:54:27,GWG*,L,mediocre,,
208,3,2:58:35,GWG*,TB,mediocre,old?,
208,3,2:59:36,GWG*,L,mediocre,,
208,3,3:01:37,GWG*,TB,mediocre,old?,
208,3,3:02:12,GWG*,L,mediocre,,
208,3,3:04:14,GWG*,TB,mediocre,old?,
208,3,3:04:56,GWG*,L,mediocre,,
208,3,3:06:58,GWG*,TB,mediocre,old?,
208,3,3:07:06,GWG*,TBO,mediocre,mediocre,
208,3,3:07:15,GWG*,TB,mediocre,mediocre,
208,3,3:07:53,GWG*,L,mediocre,,
208,3,3:10:49,GWG*,TA,mediocre,old?,
208,3,3:11:18,GWG*,L,mediocre,,
208,3,3:14:39,GWG*,TA,mediocre,old?,
208,3,3:16:49,GWG*,L,mediocre,,
208,3,3:20:47,GWG*,TA,mediocre,old?,
208,3,3:21:45,GWG*,L,mediocre,,
208,3,3:24:55,GWG*,BC,good,old?,
208,3,3:33:36,GWG*,L,good,,
208,3,3:36:38,GWG*,E,mediocre,,
208,3,3:37:46,GWG*,TAO,mediocre,mediocre,
208,3,3:41:07,GWG*,TA,mediocre,mediocre,
208,3,3:41:11,GWG*,TAO,mediocre,mediocre,
208,3,3:41:22,GWG*,TA,mediocre,mediocre,
208,3,3:41:39,GWG*,TAO,mediocre,mediocre,
208,3,3:42:53,GWG*,TA,mediocre,mediocre,
208,3,3:43:21,GWG*,TAO,mediocre,mediocre,
208,3,3:46:19,GWG*,TA,mediocre,mediocre,
208,3,3:48:35,GWG*,L,mediocre,,
208,3,3:50:51,GWG*,E,good,,
208,3,3:52:50,GWG*,L,good,,
208,3,3:54:03,GWG*,E,mediocre,,
208,3,3:55:37,GWG*,TBO,mediocre,good,
208,3,4:00:53,GWG*,TB,good,mediocre,
208,3,4:02:13,GWG*,L,good,,
208,3,4:03:37,GWG*,E,mediocre,,
208,3,4:03:49,GWG*,TAO,mediocre,good,
208,3,4:05:36,GWG*,TA,good,mediocre,
208,3,4:06:42,GWG*,L,good,,
208,3,4:07:42,GWG*,E,mediocre,,
208,3,4:08:24,GWG*,TAO,mediocre,good,
208,3,4:10:00,GWG*,TA,good,mediocre,
208,3,4:11:06,GWG*,L,good,,
208,3,4:13:09,GWG*,E,mediocre,,
208,3,4:13:53,GWG*,TAO,mediocre,good,
208,3,4:15:35,GWG*,TA,good,mediocre,
208,3,4:16:27,GWG*,L,good,,
208,3,4:17:37,GWG*,E,mediocre,,
208,3,4:18:17,GWG*,TAO,mediocre,good,
208,3,4:19:52,GWG*,TA,good,mediocre,
208,3,4:20:30,GWG*,L,good,,
208,3,4:23:01,GWG*,E,mediocre,,
208,3,4:23:25,GWG*,TAO,mediocre,good,
208,3,4:24:30,GWG*,TA,good,mediocre,
208,3,4:24:58,GWG*,L,good,,
208,3,4:26:20,GWG*,E,mediocre,,
208,3,4:26:49,GWG*,TAO,mediocre,good,
208,3,4:28:32,GWG*,TA,good,mediocre,
208,3,4:29:10,GWG*,L,good,,
208,3,4:30:09,GWG*,E,mediocre,,
208,3,4:30:57,GWG*,TAO,mediocre,good,
208,3,4:33:51,GWG*,TA,good,mediocre,
208,3,4:36:17,GWG*,L,good,,
208,3,4:40:01,GWG*,E,mediocre,,
208,3,4:40:44,GWG*,TBO,mediocre,good,
208,3,4:41:52,GWG*,TB,good,mediocre,
208,3,4:43:43,GWG*,L,good,,
208,3,4:46:55,GWG*,E,mediocre,,
208,3,4:47:48,GWG*,TBO,mediocre,good,
208,3,4:49:30,GWG*,TB,good,mediocre,
208,3,4:50:32,GWG*,L,good,,
208,3,4:51:24,GWG*,E,mediocre,,
208,3,4:52:25,GWG*,TBO,mediocre,good,
208,3,4:53:45,GWG*,TB,good,mediocre,
208,3,4:55:31,GWG*,L,good,,
208,3,4:56:24,GWG*,E,mediocre,,
208,3,4:56:53,GWG*,TAO,mediocre,good,
208,3,4:57:59,GWG*,TA,good,mediocre,
208,3,4:58:29,GWG*,L,good,,
208,3,4:59:35,GWG*,E,mediocre,,
208,3,5:01:20,GWG*,L,mediocre,,
208,3,5:03:15,GWG*,TA,good,old?,
208,3,5:05:02,GWG*,L,good,,
208,3,5:09:04,GWG*,TA,good,old?,
208,3,5:10:06,GWG*,L,good,,
208,3,5:11:15,GWG*,E,mediocre,,
208,3,5:15:04,GWG*,L,mediocre,,
208,3,5:20:33,GWG*,TA,good,old?,
208,3,5:23:13,GWG*,L,good,,
208,3,5:25:29,GWG*,E,mediocre,,
208,3,5:26:16,GWG*,L,mediocre,,
208,3,5:31:12,GWG*,E,mediocre,,
208,3,5:31:55,GWG*,L,mediocre,,
208,3,5:32:31,GWG*,E,mediocre,,
208,3,5:32:36,GWG*,L,mediocre,,
208,3,5:33:30,GWG*,E,mediocre,,
208,3,5:34:54,GWG*,L,mediocre,,
208,3,5:48:59,GWG*,E,good,,
208,3,6:07:20,GWG*,L,good,,
208,3,6:13:27,GWG*,E,mediocre,,
208,3,6:16:08,GWG*,L,mediocre,,
208,3,6:18:27,GWG*,E,good,,
208,3,6:54:56,GWG*,L,good,,
208,3,6:59:13,GWG*,E,mediocre,,
208,3,7:00:01,GWG*,L,mediocre,,
208,3,7:02:15,GWG*,E,mediocre,,
208,3,7:04:07,GWG*,L,mediocre,,
208,3,7:06:40,GWG*,E,good,,
208,3,8:56:51,GWG*,L,good,,
208,3,9:08:10,GWG*,E,good,,
208,3,10:02:35,GWG*,L,good,,
208,3,10:04:18,GWG*,E,good,,
208,3,10:12:02,GWG*,L,good,,
208,3,10:14:27,GWG*,TA,good,old?,
208,3,10:15:02,GWG*,L,good,,
208,3,10:16:15,GWG*,E,mediocre,,
208,3,10:17:52,GWG*,L,mediocre,,
208,3,10:36:51,GWG*,E,good,,
208,3,10:51:43,GWG*,L,good,,
208,3,11:02:48,GWG*,TA,good,old?,
208,3,11:04:27,GWG*,L,good,,
208,3,11:18:44,GWG*,E,good,,
208,3,11:27:26,GWG*,L,good,,
208,3,11:32:23,GWG*,E,mediocre,,
208,3,11:34:39,GWG*,L,mediocre,,
208,3,11:34:45,GWG*,E,mediocre,,
208,3,11:35:23,GWG*,L,mediocre,,
208,3,11:37:41,GWG*,E,good,,
208,3,11:40:57,GWG*,L,good,,
208,3,11:59:17,GWG*,TU,good,,
208,3,12:01:18,GWG*,L,good,,
208,3,12:09:05,GWG*,E,mediocre,,
208,3,12:10:12,GWG*,L,mediocre,,
208,3,12:11:55,GWG*,E,good,,
208,3,12:27:04,GWG*,L,good,,
208,3,12:37:26,GWG*,E,good,,
208,3,12:48:12,GWG*,L,good,,
208,3,12:49:18,GWG*,E,good,,
208,3,12:49:35,GWG*,L,good,,
208,3,12:52:31,GWG*,E,good,,
208,3,12:54:20,GWG*,L,good,,
208,3,0:56:51,GWP*,E,good,,
208,3,1:02:54,GWP*,L,good,,
208,3,1:47:17,GWP*,E,good,,
208,3,1:57:11,GWP*,L,good,,
208,3,2:09:50,GWP*,LB,old,good,
208,3,2:11:14,GWP*,E,good,,
208,3,2:20:28,GWP*,L,good,,
208,3,2:28:10,GWP*,E,good,,
208,3,2:30:35,GWP*,L,good,,
208,3,2:36:35,GWP*,E,good,,
208,3,2:39:31,GWP*,L,good,,
208,3,2:39:35,GWP*,LB,good,old,
208,3,2:48:41,GWP*,TA,good,old?,
208,3,2:49:45,GWP*,L,good,,
208,3,2:49:47,GWP*,LB,good,old,
208,3,2:54:54,GWP*,TB,good,old?,
208,3,2:57:22,GWP*,L,good,,
208,3,3:00:30,GWP*,TB,good,old?,
208,3,3:01:18,GWP*,L,good,,
208,3,3:04:00,GWP*,TU,good,,
208,3,3:04:47,GWP*,L,good,,
208,3,3:08:11,GWP*,TB,good,old?,
208,3,3:09:10,GWP*,L,good,,
208,3,3:14:39,GWP*,BC,mediocre,old?,
208,3,3:23:21,GWP*,BCO,mediocre,good,
208,3,3:25:22,GWP*,BC,good,mediocre,
208,3,3:31:28,GWP*,L,good,,
208,3,3:45:01,GWP*,TA,good,old?,
208,3,3:47:32,GWP*,L,good,,
208,3,4:02:24,GWP*,E,good,,
208,3,4:17:09,GWP*,L,good,,
208,3,4:21:21,GWP*,E,good,,
208,3,4:35:18,GWP*,L,good,,
208,3,4:37:23,GWP*,E,good,,
208,3,4:38:08,GWP*,L,good,,
208,3,4:40:15,GWP*,E,good,,
208,3,4:44:16,GWP*,L,good,,
208,3,4:44:17,GWP*,FB,good,mediocre,
208,3,5:02:57,GWP*,E,mediocre,,
208,3,5:12:32,GWP*,L,mediocre,,
208,3,5:15:31,GWP*,E,good,,
208,3,5:44:45,GWP*,L,good,,
208,3,5:50:52,GWP*,E,mediocre,,
208,3,5:54:13,GWP*,L,mediocre,,
208,3,5:56:51,GWP*,E,good,,
208,3,6:15:01,GWP*,L,good,,
208,3,6:24:19,GWP*,E,good,,
208,3,6:31:39,GWP*,L,good,,
208,3,6:38:36,GWP*,E,good,,
208,3,6:52:02,GWP*,L,good,,
208,3,7:07:54,GWP*,E,mediocre,,
208,3,7:08:55,GWP*,L,mediocre,,
208,3,7:18:49,GWP*,E,good,,
208,3,7:59:43,GWP*,L,good,,
208,3,8:11:23,GWP*,E,good,,
208,3,8:23:17,GWP*,L,good,,
208,3,8:42:45,GWP*,E,mediocre,,
208,3,8:42:48,GWP*,L,mediocre,,
208,3,8:42:52,GWP*,E,mediocre,,
208,3,8:46:58,GWP*,L,mediocre,,
208,3,8:57:13,GWP*,E,good,,
208,3,9:27:12,GWP*,L,good,,
208,3,9:58:05,GWP*,E,good,,
208,3,10:12:12,GWP*,L,good,,
208,3,10:17:16,GWP*,E,good,,
208,3,11:17:55,GWP*,L,good,,
208,3,11:24:23,GWP*,E,good,,
208,3,11:30:01,GWP*,L,good,,
208,3,12:03:23,GWP*,E,mediocre,,
208,3,12:05:18,GWP*,L,mediocre,,
208,3,12:05:23,GWP*,E,mediocre,,
208,3,12:06:46,GWP*,L,mediocre,,
208,3,12:13:35,GWP*,E,good,,
208,3,12:27:44,GWP*,L,good,,
208,3,12:46:10,GWP*,E,good,,
208,3,12:46:24,GWP*,L,good,,
208,3,2:59:58,GWWP,BC,good,old?,
208,3,1:11:51,GYO*,E,good,,
208,3,1:17:37,GYO*,L,good,,
208,3,1:47:30,GYO*,LB,old,good,
208,3,1:50:31,GYO*,LB,old,good,
208,3,1:50:39,GYO*,E,good,,
208,3,2:02:54,GYO*,L,good,,
208,3,2:07:55,GYO*,TA,good,old?,
208,3,2:08:45,GYO*,L,good,,
208,3,2:12:39,GYO*,TA,good,old?,
208,3,2:13:29,GYO*,L,good,,
208,3,2:16:17,GYO*,TA,good,old?,
208,3,2:16:35,GYO*,L,good,,
208,3,2:19:18,GYO*,TA,good,old?,
208,3,2:20:17,GYO*,L,good,,
208,3,2:23:25,GYO*,TB,good,old?,
208,3,2:25:09,GYO*,L,good,,
208,3,2:28:16,GYO*,TA,good,old?,
208,3,2:29:29,GYO*,L,good,,
208,3,2:32:05,GYO*,TA,good,old?,
208,3,2:32:52,GYO*,L,good,,
208,3,2:35:54,GYO*,TA,good,old?,
208,3,2:36:24,GYO*,L,good,,
208,3,2:39:05,GYO*,TA,good,old?,
208,3,2:39:52,GYO*,L,good,,
208,3,2:40:53,GYO*,TA,good,old?,
208,3,2:42:23,GYO*,L,good,,
208,3,2:44:35,GYO*,TB,good,old?,
208,3,2:46:18,GYO*,L,good,,
208,3,2:48:59,GYO*,TB,good,old?,
208,3,2:50:30,GYO*,L,good,,
208,3,2:53:08,GYO*,TA,good,old?,
208,3,2:54:16,GYO*,L,good,,
208,3,2:56:41,GYO*,TB,good,old?,
208,3,2:58:57,GYO*,L,good,,
208,3,3:01:31,GYO*,TA,good,old?,
208,3,3:03:02,GYO*,L,good,,
208,3,3:05:49,GYO*,TB,good,old?,
208,3,3:07:39,GYO*,L,good,,
208,3,3:10:49,GYO*,BC,mediocre,old?,
208,3,3:14:28,GYO*,L,mediocre,,Stopped recording departures
208,3,3:14:32,GYO*,E,mediocre,,
208,3,3:19:42,GYO*,L,mediocre,,
208,3,3:19:51,GYO*,E,mediocre,,
208,3,3:21:55,GYO*,L,mediocre,,
208,3,3:24:22,GYO*,E,mediocre,,
208,3,3:24:46,GYO*,L,mediocre,,
208,3,3:32:03,GYO*,BC,good,old?,
208,3,3:55:26,GYO*,L,good,,
208,3,4:00:30,GYO*,BC,mediocre,old?,
208,3,4:02:54,GYO*,BCO,mediocre,good,
208,3,4:06:14,GYO*,BC,good,mediocre,
208,3,4:29:59,GYO*,L,good,,
208,3,4:45:18,GYO*,E,good,,
208,3,5:02:00,GYO*,L,good,,
208,3,5:02:58,GYO*,E,good,,
208,3,5:24:21,GYO*,L,good,,
208,3,5:28:52,GYO*,E,good,,
208,3,10:00:27,GYO*,L,good,,
208,3,10:02:55,GYO*,E,good,,
208,3,11:08:20,GYO*,L,good,,
208,3,11:15:12,GYO*,E,good,,
208,3,12:14:13,GYO*,L,good,,
208,3,12:23:11,GYO*,E,good,,
208,3,12:53:07,GYO*,L,good,,
208,3,12:55:26,GYO*,E,good,,
208,3,2:54:25,GYW*,BC,mediocre,old?,
208,3,4:41:55,GYW*,BCO,mediocre,good,
208,3,4:43:32,GYW*,BC,good,mediocre,
208,3,2:28:16,L*LW,BC,good,old?,
208,3,2:30:37,LGGL,BC,good,old?,
208,3,3:18:32,LGGL,L,good,,
208,3,3:20:29,LGGL,E,good,,
208,3,2:32:05,O*GWO,BC,good,old?,
208,3,1:20:17,OBG*,E,mediocre,,
208,3,1:23:50,OBG*,L,mediocre,,
208,3,2:25:26,OBG*,BC,good,old?,
208,3,2:34:32,OBG*,L,good,,
208,3,2:48:50,OBG*,E,good,,
208,3,2:51:10,OBG*,L,good,,
208,3,2:57:32,OBG*,TA,good,old?,
208,3,2:59:30,OBG*,L,good,,
208,3,3:04:25,OBG*,TB,good,old?,
208,3,3:07:26,OBG*,L,good,,
208,3,3:15:54,OBG*,BC,good,old?,
208,3,3:23:44,OBG*,L,good,,
208,3,3:35:21,OBG*,BC,good,old?,
208,3,4:20:44,OBG*,L,good,,
208,3,4:28:58,OBG*,E,good,,
208,3,5:15:15,OBG*,L,good,,
208,3,5:28:16,OBG*,E,good,,
208,3,6:08:37,OBG*,L,good,,
208,3,6:13:27,OBG*,E,good,,
208,3,8:06:58,OBG*,L,good,,
208,3,8:18:12,OBG*,E,good,,
208,3,10:16:38,OBG*,L,good,,
208,3,10:20:29,OBG*,E,good,,
208,3,11:13:54,OBG*,L,good,,
208,3,11:18:49,OBG*,E,good,,
208,3,11:19:18,OBG*,L,good,,
208,3,11:30:25,OBG*,E,good,,
208,3,11:31:27,OBG*,L,good,,
208,3,11:51:07,OBG*,E,good,,
208,3,2:40:00,OG**,BC,mediocre,old?,
208,3,4:26:49,OG**,BCO,mediocre,good,
208,3,4:28:32,OG**,BC,good,mediocre,
208,3,0:00:00,OldUncoded,Open,old,,Good camera started 1 second after mediocre camera
208,3,2:57:32,OPGW,BC,good,old?,
208,3,2:34:42,OPOB,BC,good,old?,
208,3,1:41:04,OPP*,E,mediocre,,
208,3,2:17:51,OPP*,L,mediocre,,
208,3,2:22:09,OPP*,TB,mediocre,old?,
208,3,2:29:36,OPP*,L,mediocre,,
208,3,2:35:10,OPP*,TB,mediocre,old?,
208,3,2:37:38,OPP*,L,mediocre,,
208,3,2:40:00,OPP*,TA,mediocre,old?,
208,3,2:41:03,OPP*,L,mediocre,,
208,3,2:44:05,OPP*,TB,mediocre,old?,
208,3,2:46:24,OPP*,L,mediocre,,
208,3,2:48:48,OPP*,TB,mediocre,old?,
208,3,2:50:30,OPP*,L,mediocre,,
208,3,2:53:43,OPP*,TA,mediocre,old?,
208,3,2:54:29,OPP*,L,mediocre,,
208,3,2:56:45,OPP*,TA,mediocre,old?,
208,3,2:57:56,OPP*,L,mediocre,,
208,3,3:01:21,OPP*,TB,mediocre,old?,
208,3,3:02:20,OPP*,L,mediocre,,
208,3,3:05:52,OPP*,TA,mediocre,old?,
208,3,3:06:47,OPP*,L,mediocre,,
208,3,3:11:43,OPP*,E,good,,
208,3,3:12:42,OPP*,TAO,good,mediocre,
208,3,3:14:21,OPP*,TA,mediocre,good,
208,3,3:16:33,OPP*,L,mediocre,,resumed recording entries/departures
208,3,3:23:17,OPP*,E,mediocre,,
208,3,3:28:41,OPP*,L,mediocre,,
208,3,3:28:46,OPP*,E,mediocre,,
208,3,3:28:49,OPP*,L,mediocre,,
208,3,3:33:49,OPP*,E,good,,
208,3,3:36:14,OPP*,TAO,good,mediocre,
208,3,3:38:19,OPP*,TA,mediocre,good,
208,3,3:39:21,OPP*,L,mediocre,,
208,3,3:48:46,OPP*,E,mediocre,,
208,3,3:52:40,OPP*,L,mediocre,,
208,3,3:54:33,OPP*,TA,mediocre,old?,
208,3,3:55:41,OPP*,L,mediocre,,
208,3,3:55:43,OPP*,E,mediocre,,
208,3,3:57:17,OPP*,L,mediocre,,
208,3,4:01:59,OPP*,E,good,,
208,3,4:02:41,OPP*,TAO,good,mediocre,
208,3,4:05:23,OPP*,TA,mediocre,good,
208,3,4:07:42,OPP*,L,mediocre,,
208,3,4:09:31,OPP*,E,good,,
208,3,4:26:57,OPP*,L,good,,
208,3,4:27:04,OPP*,E,good,,
208,3,4:30:47,OPP*,L,good,,
208,3,4:33:18,OPP*,TA,good,old?,
208,3,4:36:50,OPP*,L,good,,
208,3,4:40:55,OPP*,E,mediocre,,
208,3,4:44:11,OPP*,TBO,mediocre,good,
208,3,4:49:40,OPP*,TB,good,mediocre,
208,3,4:51:07,OPP*,L,good,,
208,3,4:53:39,OPP*,E,mediocre,,
208,3,4:55:11,OPP*,TBO,mediocre,good,
208,3,4:57:32,OPP*,TB,good,mediocre,
208,3,4:58:49,OPP*,L,good,,
208,3,5:03:07,OPP*,E,mediocre,,
208,3,5:03:26,OPP*,TAO,mediocre,good,
208,3,5:05:23,OPP*,TA,good,mediocre,
208,3,5:07:03,OPP*,L,good,,
208,3,5:09:34,OPP*,E,mediocre,,
208,3,5:11:30,OPP*,L,mediocre,,
208,3,5:13:48,OPP*,E,mediocre,,
208,3,5:16:18,OPP*,L,mediocre,,
208,3,5:16:20,OPP*,E,mediocre,,
208,3,5:18:13,OPP*,L,mediocre,,
208,3,5:20:12,OPP*,E,good,,
208,3,5:25:54,OPP*,L,good,,
208,3,5:29:30,OPP*,E,mediocre,,
208,3,5:32:24,OPP*,L,mediocre,,
208,3,5:42:47,OPP*,E,mediocre,,
208,3,5:42:49,OPP*,L,mediocre,,
208,3,5:44:58,OPP*,E,good,,
208,3,6:00:59,OPP*,L,good,,
208,3,6:32:07,OPP*,E,mediocre,,
208,3,6:34:05,OPP*,L,mediocre,,
208,3,6:36:05,OPP*,E,good,,
208,3,7:32:03,OPP*,L,good,,
208,3,7:55:42,OPP*,E,good,,
208,3,9:44:05,OPP*,L,good,,
208,3,9:49:07,OPP*,E,mediocre,,
208,3,9:50:45,OPP*,L,mediocre,,
208,3,10:00:42,OPP*,E,good,,
208,3,10:48:46,OPP*,L,good,,
208,3,11:20:58,OPP*,E,mediocre,,
208,3,11:23:11,OPP*,L,mediocre,,
208,3,11:27:01,OPP*,E,good,,
208,3,12:38:11,OPP*,L,good,,
208,3,3:12:39,OYGP,BC,good,old?,
208,3,2:40:53,OYWB,BC,good,old?,
208,3,2:07:55,P*Y*,BC,good,old?,#2
208,3,3:25:41,P*Y*,L,good,,#2
208,3,3:40:05,P*Y*,E,good,,#2
208,3,3:01:31,PB**,BC,good,old?,#1
208,3,2:08:32,PG**,BC,mediocre,old?,
208,3,4:58:43,PG**,BCO,mediocre,good,
208,3,4:59:57,PG**,BC,good,mediocre,
208,3,10:14:27,POYO,BC,good,old?,
208,3,2:55:03,PP*Y,BC,good,old?,
208,3,2:53:08,PPLY,BC,good,old?,
208,3,2:50:54,PWWPY,BC,good,old?,
208,3,2:25:38,Q,BC,mediocre,old?,
208,3,4:30:57,Q,BCO,mediocre,good,
208,3,4:33:51,Q,BC,good,mediocre,
208,3,2:55:46,WG**,BC,good,old?,#1
208,3,1:38:32,WGBG,E,good,,#2
208,3,3:59:42,WGBG,L,good,,#2
208,3,4:02:55,WGBG,E,good,,#2
208,3,4:17:06,WGBG,L,good,,#2
208,3,4:33:18,WGBG,BC,good,old?,#2
208,3,5:58:04,WGBG,L,good,,#2
208,3,6:01:02,WGBG,E,good,,#2
208,3,12:01:37,WGBG,L,good,,#2
208,3,12:12:43,WGBG,E,good,,#2
208,3,2:16:17,WLLO,BC,good,old?,
208,3,2:27:45,WLLO,L,good,,
208,3,2:30:03,WLLO,E,good,,
208,3,2:46:28,WLLO,L,good,,
208,3,2:46:40,WLLO,E,good,,
208,3,2:51:45,WLLO,L,good,,
208,3,2:54:13,WLLO,E,good,,
208,3,3:06:07,WLLO,L,good,,
208,3,3:10:52,WLLO,E,mediocre,,
208,3,3:11:24,WLLO,TAO,mediocre,good,
208,3,3:14:09,WLLO,TA,good,mediocre,
208,3,3:16:58,WLLO,L,good,,
208,3,3:23:01,WLLO,E,mediocre,,
208,3,3:23:21,WLLO,TAO,mediocre,good,
208,3,3:25:22,WLLO,TA,good,mediocre,
208,3,3:26:30,WLLO,L,good,,
208,3,3:31:35,WLLO,E,mediocre,,
208,3,3:31:57,WLLO,L,mediocre,,
208,3,3:32:10,WLLO,E,mediocre,,
208,3,3:41:17,WLLO,L,mediocre,,
208,3,3:47:34,WLLO,TA,good,old?,
208,3,3:53:01,WLLO,L,good,,
208,3,3:53:12,WLLO,E,good,,
208,3,3:57:43,WLLO,L,good,,
208,3,4:00:33,WLLO,E,mediocre,,
208,3,4:02:55,WLLO,TAO,mediocre,good,
208,3,4:05:33,WLLO,TA,good,mediocre,
208,3,4:06:51,WLLO,L,good,,
208,3,4:10:41,WLLO,E,mediocre,,
208,3,4:13:15,WLLO,TAO,mediocre,good,
208,3,4:15:01,WLLO,TA,good,mediocre,
208,3,4:16:41,WLLO,L,good,,
208,3,4:20:30,WLLO,E,mediocre,,
208,3,4:24:13,WLLO,L,mediocre,,
208,3,4:25:44,WLLO,E,good,,
208,3,4:27:20,WLLO,L,good,,
208,3,4:27:22,WLLO,LB,good,mediocre,
208,3,4:33:39,WLLO,E,mediocre,,
208,3,4:35:32,WLLO,TBO,mediocre,good,
208,3,4:36:58,WLLO,TB,good,mediocre,
208,3,4:41:13,WLLO,L,good,,
208,3,4:41:27,WLLO,LB,good,mediocre,
208,3,4:58:59,WLLO,E,mediocre,,
208,3,5:05:12,WLLO,L,mediocre,,
208,3,5:07:48,WLLO,E,good,,
208,3,5:35:37,WLLO,L,good,,
208,3,5:40:13,WLLO,E,mediocre,,
208,3,5:40:17,WLLO,L,mediocre,,
208,3,5:40:21,WLLO,E,mediocre,,
208,3,5:42:51,WLLO,L,mediocre,,
208,3,5:48:34,WLLO,E,good,,
208,3,6:09:48,WLLO,L,good,,
208,3,6:12:45,WLLO,E,mediocre,,
208,3,6:15:25,WLLO,L,mediocre,,
208,3,6:17:32,WLLO,E,good,,
208,3,7:39:00,WLLO,L,good,,
208,3,7:46:39,WLLO,E,good,,
208,3,8:41:46,WLLO,L,good,,
208,3,8:44:41,WLLO,E,mediocre,,
208,3,8:45:56,WLLO,L,mediocre,,
208,3,8:53:31,WLLO,E,good,,
208,3,9:00:03,WLLO,TAO,good,good,
208,3,9:06:23,WLLO,TA,good,good,
208,3,9:34:11,WLLO,L,good,,
208,3,9:36:14,WLLO,E,good,,
208,3,10:58:42,WLLO,L,good,,
208,3,10:59:50,WLLO,E,good,,
208,3,11:43:09,WLLO,L,good,,
208,3,12:02:56,WLLO,E,good,,
208,3,12:08:08,WLLO,L,good,,
208,3,12:15:07,WLLO,E,good,,
208,3,12:19:05,WLLO,L,good,,
208,3,12:27:09,WLLO,E,good,,
208,3,12:30:06,WLLO,L,good,,
208,3,12:49:00,WLLO,E,good,,
208,3,0:47:22,WPWG,E,mediocre,,
208,3,0:49:20,WPWG,L,mediocre,,
208,3,2:02:12,WPWG,E,mediocre,,
208,3,3:24:19,WPWG,L,mediocre,,
208,3,3:25:13,WPWG,E,mediocre,,
208,3,3:37:46,WPWG,BCO,mediocre,mediocre,
208,3,3:41:07,WPWG,BC,mediocre,mediocre,
208,3,3:41:11,WPWG,BCO,mediocre,mediocre,
208,3,3:41:22,WPWG,BC,mediocre,mediocre,
208,3,3:41:39,WPWG,BCO,mediocre,mediocre,
208,3,3:42:53,WPWG,BC,mediocre,mediocre,
208,3,3:43:21,WPWG,BCO,mediocre,mediocre,
208,3,3:46:19,WPWG,BC,mediocre,mediocre,
208,3,4:13:15,WPWG,BCO,mediocre,good,
208,3,4:15:01,WPWG,BC,good,mediocre,
208,3,6:21:26,WPWG,L,good,,
208,3,6:24:08,WPWG,E,good,,
208,3,6:36:11,WPWG,L,good,,
208,3,6:54:01,WPWG,E,good,,
208,3,9:48:10,WPWG,L,good,,
208,3,9:51:54,WPWG,E,good,,
208,3,11:55:17,WPWG,L,good,,
208,3,12:07:35,WPWG,E,good,,
208,3,2:40:07,WPYB,BC,mediocre,old?,
208,3,4:02:55,WPYB,BCO,mediocre,good,
208,3,4:05:33,WPYB,BC,good,mediocre,
208,3,2:53:43,WWGY,BC,mediocre,old?,
208,3,4:08:24,WWGY,BCO,mediocre,good,
208,3,4:10:00,WWGY,BC,good,mediocre,
208,3,3:45:01,WY**,BC,good,old?,
208,3,8:46:49,WY**,L,good,,
208,3,9:24:50,WY**,E,good,,
208,3,12:39:09,WY**,L,good,,
208,3,1:41:57,Y*LY,E,good,,
208,3,1:50:20,Y*LY,L,good,,
208,3,3:13:02,Y*LY,BC,good,old?,
208,3,4:34:23,Y*LY,L,good,,
208,3,4:34:28,Y*LY,E,good,,
208,3,5:00:10,Y*LY,L,good,,
208,3,5:01:26,Y*LY,E,good,,
208,3,5:02:45,Y*LY,L,good,,
208,3,5:19:29,Y*LY,E,good,,
208,3,7:24:40,Y*LY,L,good,,
208,3,9:07:43,Y*LY,E,mediocre,,
208,3,9:07:50,Y*LY,L,mediocre,,
208,3,9:11:16,Y*LY,E,mediocre,,
208,3,9:11:18,Y*LY,L,mediocre,,
208,3,9:11:25,Y*LY,E,mediocre,,
208,3,9:11:32,Y*LY,L,mediocre,,
208,3,9:15:52,Y*LY,E,mediocre,,
208,3,9:16:18,Y*LY,L,mediocre,,
208,3,9:16:23,Y*LY,E,mediocre,,
208,3,9:16:34,Y*LY,L,mediocre,,
208,3,9:41:27,Y*LY,E,good,,
208,3,9:43:35,Y*LY,L,good,,
208,3,10:00:53,Y*LY,TA,good,?,
208,3,10:00:57,Y*LY,L,good,,
208,3,10:12:31,Y*LY,E,good,,
208,3,10:13:39,Y*LY,L,good,,
208,3,11:10:12,Y*LY,BC,good,old?,
208,3,11:25:30,Y*LY,L,good,,
208,3,11:26:15,Y*LY,E,good,,
208,3,12:16:27,Y*LY,L,good,,
208,3,3:20:47,Y*W*,BC,mediocre,old?,Dead ant
208,3,4:58:46,Y*W*,BCO,mediocre,good,Dead ant
208,3,5:00:04,Y*W*,BC,good,mediocre,
208,3,8:02:03,Y*W*,BCO,good,?,Dead ant
208,3,10:00:53,Y*W*,BC,good,?,Dead ant
208,3,10:02:10,Y*W*,BCO,good,?,Dead ant
208,3,10:19:50,Y*W*,BC,good,?,Dead ant
208,3,10:32:32,Y*W*,BCO,good,?,Dead ant
208,3,1:28:04,Y*YG,E,mediocre,,
208,3,1:34:43,Y*YG,L,mediocre,,
208,3,1:50:57,Y*YG,E,good,,
208,3,2:18:23,Y*YG,L,good,,
208,3,2:23:58,Y*YG,TA,good,old?,
208,3,2:26:24,Y*YG,L,good,,
208,3,2:29:50,Y*YG,TA,good,old?,
208,3,2:30:21,Y*YG,L,good,,
208,3,2:33:24,Y*YG,TA,good,old?,
208,3,2:34:23,Y*YG,L,good,,
208,3,2:42:55,Y*YG,TA,good,old?,
208,3,2:43:37,Y*YG,L,good,,
208,3,2:55:03,Y*YG,TA,good,old?,
208,3,2:55:35,Y*YG,L,good,,
208,3,2:58:31,Y*YG,TA,good,old?,
208,3,3:00:11,Y*YG,L,good,,
208,3,3:02:42,Y*YG,TA,good,old?,
208,3,3:03:18,Y*YG,L,good,,
208,3,3:05:46,Y*YG,TA,good,old?,
208,3,3:07:33,Y*YG,L,good,,
208,3,3:13:02,Y*YG,TA,good,old?,
208,3,3:13:49,Y*YG,L,good,,
208,3,3:35:51,Y*YG,E,good,,
208,3,3:40:21,Y*YG,L,good,,
208,3,3:45:03,Y*YG,BC,mediocre,old?,
208,3,3:58:32,Y*YG,L,mediocre,,
208,3,3:59:02,Y*YG,E,mediocre,,
208,3,3:59:12,Y*YG,L,mediocre,,
208,3,4:01:51,Y*YG,E,good,,
208,3,4:09:52,Y*YG,L,good,,
208,3,4:17:06,Y*YG,E,mediocre,,
208,3,4:18:12,Y*YG,TAO,mediocre,good,
208,3,4:19:44,Y*YG,TA,good,mediocre,
208,3,4:20:50,Y*YG,L,good,,
208,3,4:22:56,Y*YG,E,mediocre,,
208,3,4:25:54,Y*YG,TAO,mediocre,good,
208,3,4:27:18,Y*YG,TA,good,mediocre,
208,3,4:27:58,Y*YG,L,good,,
208,3,4:31:13,Y*YG,E,mediocre,,
208,3,4:32:55,Y*YG,TBO,mediocre,good,
208,3,4:34:20,Y*YG,TB,good,mediocre,
208,3,4:35:15,Y*YG,L,good,,
208,3,4:41:04,Y*YG,E,mediocre,,
208,3,4:41:55,Y*YG,TAO,mediocre,good,
208,3,4:43:32,Y*YG,TA,good,mediocre,
208,3,4:44:14,Y*YG,L,good,,
208,3,4:44:17,Y*YG,LB,good,mediocre,
208,3,4:49:04,Y*YG,E,mediocre,,
208,3,4:49:42,Y*YG,TAO,mediocre,good,
208,3,4:51:00,Y*YG,TA,good,mediocre,
208,3,4:52:00,Y*YG,L,good,,
208,3,4:57:33,Y*YG,E,mediocre,,
208,3,4:58:43,Y*YG,TAO,mediocre,good,
208,3,4:59:57,Y*YG,TA,good,mediocre,
208,3,5:00:20,Y*YG,L,good,,
208,3,5:13:20,Y*YG,E,mediocre,,
208,3,5:18:38,Y*YG,L,mediocre,,Nest is Empty
208,3,5:19:35,Y*YG,E,mediocre,,
208,3,5:22:53,Y*YG,L,mediocre,,
208,3,5:25:55,Y*YG,BC,good,old?,
208,3,5:34:54,Y*YG,L,good,,
208,3,5:38:35,Y*YG,E,mediocre,,
208,3,5:39:07,Y*YG,L,mediocre,,
208,3,5:53:01,Y*YG,E,good,,
208,3,6:01:16,Y*YG,L,good,,
208,3,6:07:57,Y*YG,E,mediocre,,
208,3,6:08:00,Y*YG,L,mediocre,,
208,3,6:08:15,Y*YG,E,mediocre,,
208,3,6:14:26,Y*YG,L,mediocre,,
208,3,6:19:26,Y*YG,E,good,,
208,3,6:27:10,Y*YG,L,good,,
208,3,6:31:22,Y*YG,E,mediocre,,
208,3,6:34:57,Y*YG,L,mediocre,,
208,3,6:36:48,Y*YG,E,good,,
208,3,7:01:49,Y*YG,L,good,,
208,3,7:18:39,Y*YG,TU,good,,
208,3,7:21:01,Y*YG,L,good,,
208,3,7:25:12,Y*YG,TU,good,,
208,3,7:26:46,Y*YG,L,good,,
208,3,7:28:32,Y*YG,E,mediocre,,
208,3,7:29:55,Y*YG,L,mediocre,,
208,3,7:30:08,Y*YG,E,mediocre,,
208,3,7:32:33,Y*YG,L,mediocre,,
208,3,7:34:09,Y*YG,E,good,,
208,3,7:42:52,Y*YG,L,good,,
208,3,7:50:53,Y*YG,E,mediocre,,
208,3,7:51:26,Y*YG,L,mediocre,,
208,3,7:53:20,Y*YG,E,good,,
208,3,8:01:55,Y*YG,L,good,,
208,3,8:10:59,Y*YG,E,good,,
208,3,9:02:21,Y*YG,L,good,,
208,3,9:12:24,Y*YG,E,mediocre,,
208,3,9:13:48,Y*YG,L,mediocre,,
208,3,9:15:41,Y*YG,E,good,,
208,3,10:12:23,Y*YG,L,good,,
208,3,10:19:29,Y*YG,E,good,,
208,3,10:25:02,Y*YG,L,good,,
208,3,10:31:36,Y*YG,E,good,,
208,3,10:32:12,Y*YG,L,good,,
208,3,10:43:26,Y*YG,E,good,,
208,3,10:44:07,Y*YG,L,good,,
208,3,10:55:13,Y*YG,TU,good,,
208,3,10:57:59,Y*YG,L,good,,
208,3,11:03:38,Y*YG,TU,good,,
208,3,11:04:12,Y*YG,L,good,,
208,3,11:19:43,Y*YG,E,good,,
208,3,11:26:41,Y*YG,L,good,,
208,3,11:32:15,Y*YG,E,mediocre,,
208,3,11:32:27,Y*YG,L,mediocre,,
208,3,11:32:29,Y*YG,E,mediocre,,
208,3,11:34:23,Y*YG,L,mediocre,,
208,3,11:46:52,Y*YG,E,good,,
208,3,11:50:35,Y*YG,L,good,,
208,3,12:30:21,Y*YG,E,mediocre,,
208,3,12:32:14,Y*YG,L,mediocre,,
208,3,12:33:52,Y*YG,E,good,,
208,3,12:38:41,Y*YG,L,good,,
208,3,12:47:14,Y*YG,E,good,,
208,3,12:48:48,Y*YG,L,good,,
208,3,3:05:52,Y*YP,BC,mediocre,old?,#2
208,3,4:18:17,Y*YP,BCO,mediocre,mediocre,#2
208,3,4:19:52,Y*YP,BC,good,mediocre,#2
208,3,3:01:48,YBYY,BC,good,old?,
208,3,1:38:25,YGGW,E,good,,
208,3,2:34:17,YGGW,L,good,,
208,3,2:37:13,YGGW,E,good,,
208,3,3:05:14,YGGW,L,good,,
208,3,3:06:22,YGGW,E,good,,
208,3,3:07:36,YGGW,L,good,,
208,3,3:09:10,YGGW,E,good,,
208,3,3:11:42,YGGW,L,good,,
208,3,3:15:19,YGGW,E,good,,
208,3,3:46:13,YGGW,L,good,,
208,3,3:47:34,YGGW,BC,good,old?,
208,3,12:00:58,YGGW,L,good,,
208,3,12:21:07,YGGW,E,good,,
208,3,5:20:33,YGLG,BC,good,old?,
208,3,2:18:30,YLLO,BC,mediocre,old?,
208,3,4:18:12,YLLO,BCO,mediocre,good,
208,3,4:19:44,YLLO,BC,good,mediocre,
208,3,2:42:55,YOBY,BC,good,old?,
208,3,2:48:41,YOGY,BC,good,old?,
208,3,2:23:58,YOO*,BC,good,old?,
208,3,5:14:16,YOO*,L,good,,
208,3,5:29:18,YOO*,E,good,,
208,3,2:54:48,YOYO,BC,good,old?,
208,3,2:39:05,YPYWB,BC,good,old?,3 colors on gaster
208,3,3:05:46,YY*Y,BC,good,old?,
208,3,1:49:02,YYG*,E,mediocre,,
208,3,3:30:57,YYG*,L,mediocre,,
208,3,3:35:42,YYG*,E,mediocre,,
208,3,3:35:54,YYG*,L,mediocre,,
208,3,3:42:41,YYG*,E,mediocre,,
208,3,4:40:28,YYG*,BCO,mediocre,good,
208,3,4:42:50,YYG*,BC,good,mediocre,
208,3,5:01:35,YYG*,L,good,,
208,3,5:06:13,YYG*,E,good,,
208,3,5:27:05,YYG*,L,good,,
208,3,5:47:40,YYG*,E,good,,
208,3,5:48:45,YYG*,L,good,,
208,3,5:55:26,YYG*,E,mediocre,,
208,3,5:55:37,YYG*,L,mediocre,,
208,3,5:56:02,YYG*,E,mediocre,,
208,3,5:56:19,YYG*,L,mediocre,,
208,3,5:57:48,YYG*,E,mediocre,,
208,3,5:58:20,YYG*,L,mediocre,,
208,3,5:59:50,YYG*,E,mediocre,,
208,3,6:10:08,YYG*,L,mediocre,,
208,3,6:14:39,YYG*,E,good,,
208,3,8:02:51,YYG*,L,good,,
208,3,8:18:51,YYG*,E,mediocre,,
208,3,8:23:22,YYG*,L,mediocre,,
208,3,8:49:14,YYG*,E,good,,
208,3,10:58:15,YYG*,L,good,,
208,3,11:36:12,YYG*,BC,good,old?,
208,3,2:09:57,YYOW,E,mediocre,,
208,3,2:47:26,YYOW,L,mediocre,,
208,3,3:18:26,YYOW,E,mediocre,,
208,3,3:24:27,YYOW,L,mediocre,,
208,3,3:24:35,YYOW,E,mediocre,,
208,3,3:26:48,YYOW,L,mediocre,,
208,3,3:36:38,YYOW,TA,mediocre,old?,
208,3,3:37:39,YYOW,L,mediocre,,
208,3,3:37:49,YYOW,E,mediocre,,
208,3,3:38:49,YYOW,L,mediocre,,
208,3,3:45:03,YYOW,TA,mediocre,old?,
208,3,3:46:02,YYOW,L,mediocre,,
208,3,4:00:30,YYOW,TA,mediocre,old?,
208,3,4:03:49,YYOW,BCO,mediocre,good,
208,3,4:05:36,YYOW,BC,good,mediocre,
208,3,4:52:50,YYOW,L,good,,
208,3,4:53:55,YYOW,E,good,,
208,3,4:56:18,YYOW,L,good,,
208,3,5:04:56,YYOW,E,mediocre,,
208,3,5:09:07,YYOW,L,mediocre,,
208,3,5:11:28,YYOW,E,mediocre,,
208,3,5:13:15,YYOW,L,mediocre,,
208,3,5:23:00,YYOW,TA,good,old?,
208,3,5:35:56,YYOW,L,good,,
208,3,5:42:24,YYOW,E,mediocre,,
208,3,5:43:43,YYOW,L,mediocre,,
208,3,5:47:58,YYOW,E,mediocre,,
208,3,5:48:14,YYOW,L,mediocre,,
208,3,5:48:17,YYOW,E,mediocre,,
208,3,5:49:21,YYOW,L,mediocre,,
208,3,6:02:31,YYOW,E,good,,
208,3,6:21:52,YYOW,L,good,,
208,3,6:24:11,YYOW,E,good,,
208,3,6:33:24,YYOW,L,good,,
208,3,6:37:25,YYOW,E,good,,
208,3,6:38:05,YYOW,L,good,,
208,3,6:41:53,YYOW,TU,good,,
208,3,6:43:17,YYOW,L,good,,
208,3,6:54:29,YYOW,E,mediocre,,
208,3,6:57:46,YYOW,L,mediocre,,
208,3,7:01:35,YYOW,E,good,,
208,3,8:25:42,YYOW,L,good,,
208,3,9:00:23,YYOW,E,good,,
208,3,9:06:44,YYOW,L,good,,
208,3,9:55:48,YYOW,E,good,,
208,3,10:21:31,YYOW,L,good,,
208,3,10:33:49,YYOW,E,mediocre,,
208,3,10:34:03,YYOW,L,mediocre,,
208,3,10:40:14,YYOW,E,good,,
208,3,10:47:53,YYOW,L,good,,
208,3,12:02:35,YYOW,E,good,,
208,3,12:18:29,YYOW,L,good,,
208,3,12:22:09,YYOW,E,good,,
208,3,12:28:40,YYOW,L,good,,
208,3,12:32:11,YYOW,E,good,,
208,3,12:43:16,YYOW,L,good,,
208,3,12:53:36,YYOW,E,good,,
208,3,12:59:01,YYOW,L,good,,